﻿<?xml version="1.0" encoding="utf-8" ?>
<Defs>

  <!-- Meditative -->
  <JobDef>
    <defName>ListenMusicJob</defName>
    <driverClass>MusicJoy.JobDriver_ListenMusic</driverClass>
    <reportString>listening to music.</reportString>
	<joyMaxParticipants>50</joyMaxParticipants>
    <joyDuration>4000</joyDuration>
    <joyGainRate>1</joyGainRate>
    <joyKind>Meditative</joyKind>
  </JobDef>
    
  <!-- Social -->
  <JobDef>
    <defName>HeadBobJob</defName>
    <driverClass>MusicJoy.JobDriver_HeadBob</driverClass>
    <reportString>bobbing their head socially.</reportString>
	<joyMaxParticipants>50</joyMaxParticipants>
    <joyDuration>6000</joyDuration>
    <joyGainRate>1</joyGainRate>
    <joyKind>Social</joyKind>
  </JobDef>

  <JobDef>
    <defName>DanceJob</defName>
    <driverClass>MusicJoy.JobDriver_Dance</driverClass>
    <reportString>dancing socially.</reportString>
	<joyMaxParticipants>50</joyMaxParticipants>
    <joyDuration>10000</joyDuration>
    <joyGainRate>3</joyGainRate>
    <joyKind>Social</joyKind>
  </JobDef>

  <JobDef>
    <defName>HeadBangJob</defName>
    <driverClass>MusicJoy.JobDriver_HeadBang</driverClass>
    <reportString>Head-Banging socially.</reportString>
	<joyMaxParticipants>50</joyMaxParticipants>
    <joyDuration>30000</joyDuration>
    <joyGainRate>4</joyGainRate>
    <joyKind>Social</joyKind>
  </JobDef>
  
  <JobDef>
    <defName>SerenadeJob</defName>
    <driverClass>MusicJoy.JobDriver_Serenade</driverClass>
    <reportString>serenading TargetA.</reportString>
    <joyDuration>6000</joyDuration>
    <joyGainRate>1.5</joyGainRate>
    <joyKind>Social</joyKind>
  </JobDef>

  <JobDef>
    <defName>ReceiveSerenadeJob</defName>
    <driverClass>MusicJoy.JobDriver_ReceiveSerenade</driverClass>
    <reportString>being serenaded.</reportString>
    <joyDuration>14000</joyDuration>
    <joyGainRate>8</joyGainRate>
    <joyKind>Social</joyKind>
  </JobDef>

  <JobDef>
    <defName>OverhearSerenadeJob</defName>
    <driverClass>MusicJoy.JobDriver_OverhearSerenade</driverClass>
    <reportString>overhearing serenade.</reportString>
    <joyDuration>14000</joyDuration>
    <joyGainRate>-2</joyGainRate>
    <joyKind>Social</joyKind>
  </JobDef>  
  
    <!-- Passive -->
  <JobDef>
    <defName>PasListenMusicJob</defName>
    <driverClass>MusicJoy.JobDriver_ListenMusic</driverClass>
    <reportString>passively listening to music.</reportString>
	<joyMaxParticipants>50</joyMaxParticipants>
    <joyDuration>4000</joyDuration>
    <joyGainRate>1</joyGainRate>
    <joyKind>Passive</joyKind>
  </JobDef>
  
    <!-- Playing instrument -->
  <JobDef>
    <defName>PlayMusicInstrument</defName>
    <driverClass>MusicJoy.JobDriver_PlayInstrument</driverClass>
    <reportString>playing music.</reportString>
	<joyMaxParticipants>1</joyMaxParticipants>
    <joyDuration>6000</joyDuration>
    <joyGainRate>3</joyGainRate>
    <joyKind>Meditative</joyKind>
  </JobDef>
</Defs>