<?xml version="1.0" encoding="utf-8" ?>
<WorkTypeDefs>
	<WorkTypeDef>
		<defName>Entertain</defName>
		<labelShort>Entertain</labelShort>
		<pawnLabel>Entertainer</pawnLabel>
		<gerundLabel>Entertaining</gerundLabel>
		<description>Show and play beautiful works of music.</description>
		<verb>Entertain at</verb>
		<naturalPriority>330</naturalPriority>
		<relevantSkills>
			<li>Artistic</li>
		</relevantSkills>
		<workTags>
			<li>Artistic</li>
		</workTags>
	</WorkTypeDef>
</WorkTypeDefs>