<?xml version="1.0" encoding="utf-8" ?>
<WorkGivers>

  <WorkGiverDef>
    <DefName>PlayDrum</DefName>
    <giverClass>WorkGiver_DoBill</giverClass>
    <workType>Entertain</workType>
    <priorityInType>10</priorityInType>
	<fixedBillGiverDefs>
		<li>Drum</li>
	</fixedBillGiverDefs>
    <verb>play</verb>
    <gerund>playing</gerund>
	<requiredCapacities>
		<li>Manipulation</li>
	</requiredCapacities>
	<prioritizeSustains>false</prioritizeSustains>
  </WorkGiverDef>
  
  <!--
  <WorkGiverDef>
    <DefName>PlayVictrolaPhonograph</DefName>
    <giverClass>WorkGiver_DoBill</giverClass>
    <workType>Crafting</workType>
    <priorityInType>10</priorityInType>
	<fixedBillGiverDefs>
		<li>Victrola_Phonograph</li>
	</fixedBillGiverDefs>
    <verb>play</verb>
    <gerund>playing</gerund>
	<requiredCapacities>
		<li>Manipulation</li>
	</requiredCapacities>
	<prioritizeSustains>true</prioritizeSustains>
  </WorkGiverDef>
  -->
  
  
</WorkGivers>