<?xml version="1.0" encoding="UTF-8"?>

<ThingDefs>
	<ThingDef Abstract="True" Name="BaseInstrument">
		<defName>BaseInstrument</defName>
		<thingClass>ThingWithComps</thingClass>
		<category>Item</category>

		<inspectorTabs>
			<li>ITab_Bills</li>
			<li>ITab_Art</li>
		</inspectorTabs>
		
		<drawGUIOverlay>true</drawGUIOverlay>
		<altitudeLayer>Item</altitudeLayer>
		<alwaysHaulable>true</alwaysHaulable>
		
		<tickerType>Normal</tickerType>
		<equipmentType>Primary</equipmentType>
		<useHitPoints>true</useHitPoints>
		<pathCost>10</pathCost>
		<selectable>true</selectable>
		<statBases>
			<MaxHitPoints>1000</MaxHitPoints>
			<Flammability>1.0</Flammability>
			<DeteriorationRate>2</DeteriorationRate>
			<Beauty>10</Beauty>
			<SellPriceFactor>1.20</SellPriceFactor>
		</statBases>
		<comps>
			<li Class="CompProperties_Forbiddable"/>
			<li>
				<compClass>CompEquippable</compClass>
			</li>
			<li>
				<compClass>CompQuality</compClass>
			</li>
			<li Class="CompProperties_Art">
				<nameMaker>ArtName_Sculpture</nameMaker>
				<descriptionMaker>ArtDescription_Sculpture</descriptionMaker>
				<minQualityForArtistic>Excellent</minQualityForArtistic>
			</li>
		</comps>
		<graphicData>
			<onGroundRandomRotateAngle>-35</onGroundRandomRotateAngle>
		</graphicData>
		
		<drawPlaceWorkersWhileSelected>true</drawPlaceWorkersWhileSelected>
		<placeWorkers>
			<li>PlaceWorker_WatchArea</li>
		</placeWorkers>
		
		
	</ThingDef>
	
	
	<ThingDef ParentName="BaseInstrument">
		<defName>HandLute</defName>
		<label>HandLute</label>
		<description>A classy, many-stringed instrument designed for luting.</description>
		<techLevel>Medieval</techLevel>
		<smeltable>false</smeltable>
		<thingCategories>
			<li>Items</li>
		</thingCategories>
		
		<graphicData>
			<texPath>Things/Item/Music/HandLute</texPath>
			<graphicClass>Graphic_Single</graphicClass>
		</graphicData>
		
		<recipeMaker>
			<workSpeedStat>SmithingSpeed</workSpeedStat>
			<workSkill>Crafting</workSkill>
			<effectWorking>Smith</effectWorking>
			<soundWorking>BowSmall</soundWorking>
			<recipeUsers>
				<li>CraftingSpot</li>
				<li>TableMachining</li>
			</recipeUsers>
			<unfinishedThingDef>UnfinishedWeapon</unfinishedThingDef>
		</recipeMaker>
		
		<equippedAngleOffset>-20</equippedAngleOffset>

		<statBases>
			<WorkToMake>12000</WorkToMake>
			<MarketValue>1500</MarketValue>
			<Mass>3.8</Mass>
			<MeleeWeapon_DamageAmount>6</MeleeWeapon_DamageAmount>
			<MeleeWeapon_Cooldown>3.2</MeleeWeapon_Cooldown>
		</statBases>
	
		<costList>
			<WoodLog>120</WoodLog>
			<Steel>8</Steel>
			<Component>8</Component>
		</costList>
	
		<verbs>
			<li>
				<verbClass>Verb_MeleeAttack</verbClass>
				<hasStandardCommand>true</hasStandardCommand>
				<meleeDamageDef>Blunt</meleeDamageDef>
				<soundCastTail>GunTail_Heavy</soundCastTail>
			</li>
		</verbs>
		
		<equippedStatOffsets>
			<MoveSpeed>-0.2</MoveSpeed>
		</equippedStatOffsets>

		<surfaceType>Item</surfaceType>

		<socialPropernessMatters>true</socialPropernessMatters>
		
		<researchPrerequisites>
			<li>Music</li>
		</researchPrerequisites>

		<soundInteract>BowSmall</soundInteract>	
	</ThingDef>


	<ThingDef ParentName="BaseInstrument">
		<defName>HandDrum</defName>
		<label>HandDrum</label>
		<description>A small drum, made to be carried. The original boombox.</description>
		<techLevel>Neolithic</techLevel>
		<smeltable>false</smeltable>
		<thingCategories>
			<li>Items</li>
		</thingCategories>
		
		<graphicData>
			<texPath>Things/Item/Music/HandDrum</texPath>
			<graphicClass>Graphic_Single</graphicClass>
		</graphicData>
		
		<recipeMaker>
			<workSpeedStat>SmithingSpeed</workSpeedStat>
			<workSkill>Crafting</workSkill>
			<effectWorking>Smith</effectWorking>
			<soundWorking>BowSmall</soundWorking>
			<recipeUsers>
				<li>CraftingSpot</li>
				<li>TableMachining</li>
			</recipeUsers>
			<unfinishedThingDef>UnfinishedWeapon</unfinishedThingDef>
		</recipeMaker>
		
		<equippedAngleOffset>-20</equippedAngleOffset>

		<statBases>
			<WorkToMake>1300</WorkToMake>
			<MarketValue>200</MarketValue>
			<Mass>5</Mass>
			<MeleeWeapon_DamageAmount>6</MeleeWeapon_DamageAmount>
			<MeleeWeapon_Cooldown>3.2</MeleeWeapon_Cooldown>
		</statBases>
	
		<costList>
			<WoodLog>120</WoodLog>
			<Steel>8</Steel>
		</costList>

		<stuffCategories>
			<li>Metallic</li>
			<li>Woody</li>
			<li>Leathery</li>
		</stuffCategories>
		<costStuffCount>100</costStuffCount>
		
		<verbs>
			<li>
				<verbClass>Verb_MeleeAttack</verbClass>
				<hasStandardCommand>true</hasStandardCommand>
				<meleeDamageDef>Blunt</meleeDamageDef>
				<soundCastTail>GunTail_Heavy</soundCastTail>
			</li>
		</verbs>
		
		<equippedStatOffsets>
			<MoveSpeed>-0.2</MoveSpeed>
		</equippedStatOffsets>

		<surfaceType>Item</surfaceType>

		<socialPropernessMatters>true</socialPropernessMatters>
		
		<researchPrerequisites>
			<li>Rhythm</li>
		</researchPrerequisites>

		<soundInteract>BowSmall</soundInteract>
		
	</ThingDef>	
	
	
	<ThingDef ParentName="BaseInstrument">
		<defName>Guitar</defName>
		<label>Guitar</label>
		<description>A fine, 6-stringed instrument.</description>
		<techLevel>Medieval</techLevel>
		<smeltable>false</smeltable>
		<thingCategories>
			<li>Items</li>
		</thingCategories>
		
		<graphicData>
			<texPath>Things/Item/Music/HandLute</texPath>
			<graphicClass>Graphic_Single</graphicClass>
		</graphicData>
		
		<recipeMaker>
			<workSpeedStat>SmithingSpeed</workSpeedStat>
			<workSkill>Crafting</workSkill>
			<effectWorking>Smith</effectWorking>
			<soundWorking>BowSmall</soundWorking>
			<recipeUsers>
				<li>CraftingSpot</li>
				<li>TableMachining</li>
			</recipeUsers>
			<unfinishedThingDef>UnfinishedWeapon</unfinishedThingDef>
		</recipeMaker>
		
		<equippedAngleOffset>-20</equippedAngleOffset>

		<statBases>
			<WorkToMake>12000</WorkToMake>
			<MarketValue>1500</MarketValue>
			<Mass>3.8</Mass>
			<MeleeWeapon_DamageAmount>6</MeleeWeapon_DamageAmount>
			<MeleeWeapon_Cooldown>3.2</MeleeWeapon_Cooldown>
		</statBases>
	
		<costList>
			<WoodLog>120</WoodLog>
			<Steel>6</Steel>
			<Component>6</Component>
		</costList>
	
		<verbs>
			<li>
				<verbClass>Verb_MeleeAttack</verbClass>
				<hasStandardCommand>true</hasStandardCommand>
				<meleeDamageDef>Blunt</meleeDamageDef>
				<soundCastTail>GunTail_Heavy</soundCastTail>
			</li>
		</verbs>
		
		<equippedStatOffsets>
			<MoveSpeed>-0.2</MoveSpeed>
		</equippedStatOffsets>

		<surfaceType>Item</surfaceType>

		<socialPropernessMatters>true</socialPropernessMatters>
		
		<researchPrerequisites>
			<li>FineInstruments</li>
		</researchPrerequisites>

		<soundInteract>BowSmall</soundInteract>	
	</ThingDef> 
</ThingDefs>