<?xml version="1.0" encoding="UTF-8"?>

<Defs>

<!--=============================== Tier 1: pre-electricity ===================================-->
	<ResearchProjectDef>
		<defName>Rhythm</defName>
		<label>rhythm</label>
		<description>"Stench listened to the sound of his breathing and discovered a strong, regular, repeated pattern; the rhythm of daily life on a RimWorld."</description>
		<baseCost>1200</baseCost>
		<techLevel>Neolithic</techLevel>
		<researchViewX>0</researchViewX>
		<researchViewY>4</researchViewY>
	</ResearchProjectDef>
	
	<ResearchProjectDef>
		<defName>Music</defName>
		<label>music</label>
		<description>"Xo heard the rhythm of the sounds of the colony working and found it agreeable thing."</description>
		<baseCost>200</baseCost>
		<techLevel>Neolithic</techLevel>
		<prerequisites>
			<li>Rhythm</li>
		</prerequisites>
		<researchViewX>1</researchViewX>
		<researchViewY>4</researchViewY>
	</ResearchProjectDef>
	
	<ResearchProjectDef>
		<defName>Dancing</defName>
		<label>dancing</label>
		<description>"Tail listened to the rhythm and couldn't help shakin' that healthy butt."</description>
		<baseCost>700</baseCost>
		<techLevel>Neolithic</techLevel>
		<prerequisites>
			<li>Rhythm</li>
		</prerequisites>
		<researchViewX>1</researchViewX>
		<researchViewY>4</researchViewY>
	</ResearchProjectDef>
	
	
</Defs>