<?xml version="1.0" encoding="utf-8" ?>
<RecipeDefs>
<!--=============================== Drum ===================================-->	
	<RecipeDef>
		<defName>PlayDrum</defName>
		<label>Playing the drum</label>
		<description>You dust off the drum skin.</description>
		<jobString>Playing the drum.</jobString>
		<recipeUsers>
			<li>Drum</li>
		</recipeUsers>
		<workAmount>200</workAmount>
		<workSpeedStat>SculptingSpeed</workSpeedStat>
		<workSkill>Artistic</workSkill>
		<workSkillLearnFactor>0.25</workSkillLearnFactor>
		<soundWorking>DrumSounds</soundWorking>
		<targetCountAdjustment>1</targetCountAdjustment>
		<workerCounterClass>RecipeWorkerCounter_MakeStoneBlocks</workerCounterClass>
	</RecipeDef>

<!--=============================== Lute ===================================-->	
	<RecipeDef>
		<defName>LuteBachPrelude</defName>
		<label>Play Johann Sebastian Bach: Prelude in Eb</label>
		<description>You arrest the lute's neck and begin to pluck the strings. This song is, Johann Sebastian Bach's Prelude in Eb</description>
		<jobString>Playing the Lute.</jobString>
		<recipeUsers>
			<li>Lute</li>
		</recipeUsers>
		<workAmount>5000</workAmount>
		<workSpeedStat>SculptingSpeed</workSpeedStat>
		<workSkill>Artistic</workSkill>
		<workSkillLearnFactor>1</workSkillLearnFactor>
		<soundWorking>PlayLuteBachPrelude</soundWorking>
	</RecipeDef>
	
	<RecipeDef>
		<defName>LuteBachFugue</defName>
		<label>Play Johann Sebastian Bach: Fugue in Eb</label>
		<description>You arrest the lute's neck and begin to pluck the strings. This song is, Johann Sebastian Bach's Fugue in Eb</description>
		<jobString>Playing the Lute.</jobString>
		<recipeUsers>
			<li>Lute</li>
		</recipeUsers>
		<workAmount>10000</workAmount>
		<workSpeedStat>SculptingSpeed</workSpeedStat>
		<workSkill>Artistic</workSkill>
		<workSkillLearnFactor>1.05</workSkillLearnFactor>
		<soundWorking>PlayLuteBachFugue</soundWorking>
	</RecipeDef>	
	
	<RecipeDef>
		<defName>LuteBachAllegro</defName>
		<label>Play Johann Sebastian Bach: Allegro in Eb</label>
		<description>You arrest the lute's neck and begin to pluck the strings. This song is, Johann Sebastian Bach's Allegro in Eb</description>
		<jobString>Playing the Lute.</jobString>
		<recipeUsers>
			<li>Lute</li>
		</recipeUsers>
		<workAmount>4600</workAmount>
		<workSpeedStat>SculptingSpeed</workSpeedStat>
		<workSkill>Artistic</workSkill>
		<workSkillLearnFactor>2</workSkillLearnFactor>
		<soundWorking>PlayLuteBachAllegro</soundWorking>
	</RecipeDef>	

<!--=============================== Harp ===================================-->		
	<RecipeDef>
		<defName>HarpFaureImpromptu</defName>
		<label>Play Gabriel Fauré: Impromptu for Harp in Db</label>
		<description>You tighten the strings and play onward. This piece is, Impromptu for Harp in Db, written by Gabriel Fauré.</description>
		<jobString>Playing the Harp.</jobString>
		<recipeUsers>
			<li>Harp</li>
		</recipeUsers>
		<workAmount>1600</workAmount>
		<workSpeedStat>StonecuttingSpeed</workSpeedStat>
		<workSkill>Artistic</workSkill>
		<workSkillLearnFactor>2</workSkillLearnFactor>
		<soundWorking>PlayHarpFaureImpromptu</soundWorking>
	</RecipeDef>	

	
<!--=============================== Piano ===================================-->	
	<RecipeDef>
		<defName>PlayLamb</defName>
		<label>Play Joe Lamb: Joe Lamb's Old Rag</label>
		<description>You start tinkling the ivories.</description>
		<jobString>Playing ragtime music.</jobString>
		<recipeUsers>
			<li>Piano</li>
		</recipeUsers>
		<workAmount>4000</workAmount>
		<workSpeedStat>StonecuttingSpeed</workSpeedStat>
		<workSkill>Artistic</workSkill>
		<workSkillLearnFactor>0.25</workSkillLearnFactor>
		<soundWorking>PlayPianoLambRag</soundWorking>
	</RecipeDef>

	<RecipeDef>
		<defName>PlayMorton</defName>
		<label>Play Jelly Roll Morton: Mr. Jelly lord</label>
		<description>You start tinkling the ivories.</description>
		<jobString>Playing ragtime music.</jobString>
		<recipeUsers>
			<li>Piano</li>
		</recipeUsers>
		<workAmount>4000</workAmount>
		<workSpeedStat>StonecuttingSpeed</workSpeedStat>
		<workSkill>Artistic</workSkill>
		<workSkillLearnFactor>0.25</workSkillLearnFactor>
		<soundWorking>PlayPianoMortonRag</soundWorking>
	</RecipeDef>
	
	<RecipeDef>
		<defName>PlayJoplin</defName>
		<label>Play Scott Joplin: The Entertainer</label>
		<description>You start tinkling the ivories.</description>
		<jobString>Playing ragtime music.</jobString>
		<recipeUsers>
			<li>Piano</li>
		</recipeUsers>
		<workAmount>4000</workAmount>
		<workSpeedStat>StonecuttingSpeed</workSpeedStat>
		<workSkill>Artistic</workSkill>
		<workSkillLearnFactor>0.25</workSkillLearnFactor>
		<soundWorking>PlayPianoJoplinRag</soundWorking>
	</RecipeDef>

	
<!--=============================== Phonograph ===================================-->	
	<RecipeDef>
		<defName>PlayBeethoven</defName>
		<label>Play Ludwig van Beethoven: Mandolin Sonatina in C-</label>
		<description>You dust off the old disc and set it on the turntable. This record is, Ludwig van Beethoven's Mandolin Sonatina in C-</description>
		<jobString>Playing chamber music.</jobString>
		<recipeUsers>
			<li>Victrola_Phonograph</li>
		</recipeUsers>
		<workAmount>4000</workAmount>
		<workSpeedStat>StonecuttingSpeed</workSpeedStat>
		<workSkill>Artistic</workSkill>
		<workSkillLearnFactor>0.25</workSkillLearnFactor>
		<effectWorking>ConstructDirt</effectWorking>
		<soundWorking>PlayRecordedBeethoven</soundWorking>
	</RecipeDef>
	
	<RecipeDef>
		<defName>PlayRachmaninov</defName>
		<label>Play Rachmaninov: Piano Concerto No.3 in D-, Op.30</label>
		<description>You dust off the old disc and set it on the turntable. This record is, Sergey Vasilyevich Rachmaninov's Piano Concerto No.3 in D-, Op.30, "Allegro ma non tanto."</description>
		<jobString>Playing symphony music.</jobString>
		<recipeUsers>
			<li>Victrola_Phonograph</li>
		</recipeUsers>
		<workAmount>19000</workAmount>
		<workSpeedStat>StonecuttingSpeed</workSpeedStat>
		<workSkill>Artistic</workSkill>
		<workSkillLearnFactor>0.25</workSkillLearnFactor>
		<effectWorking>ConstructDirt</effectWorking>
		<soundWorking>PlayRecordedRachmaninov</soundWorking>
	</RecipeDef>

	<RecipeDef>
		<defName>PlayRossini</defName>
		<label>Play Rossini: Overture to the Opera "La gazza ladra."</label>
		<description>You dust off the old disc and set it on the turntable. This record is, Gioachino Antonio Rossini's Overture to "La gazza ladra (The Thieving Magpie; melodramma)."</description>
		<jobString>Playing opera music.</jobString>
		<recipeUsers>
			<li>Victrola_Phonograph</li>
		</recipeUsers>
		<workAmount>12000</workAmount>
		<workSpeedStat>StonecuttingSpeed</workSpeedStat>
		<workSkill>Artistic</workSkill>
		<workSkillLearnFactor>0.25</workSkillLearnFactor>
		<effectWorking>ConstructDirt</effectWorking>
		<soundWorking>PlayRecordedRossini</soundWorking>
	</RecipeDef>

	<RecipeDef>
		<defName>PlayBartok</defName>
		<label>Play Bartók: 2 Romanian Dances, Op.8a, "Allegro vivace."</label>
		<description>You dust off the old disc and set it on the turntable. This record is, Bela Bartók's Romanian Dance, "Allegro vivace"</description>
		<jobString>Playing Hungarian music.</jobString>
		<recipeUsers>
			<li>Victrola_Phonograph</li>
		</recipeUsers>
		<workAmount>8300</workAmount>
		<workSpeedStat>StonecuttingSpeed</workSpeedStat>
		<workSkill>Artistic</workSkill>
		<workSkillLearnFactor>0.25</workSkillLearnFactor>
		<effectWorking>ConstructDirt</effectWorking>
		<soundWorking>PlayRecordedBartok</soundWorking>
	</RecipeDef>
	
</RecipeDefs>