<?xml version="1.0" encoding="UTF-8"?>

<Defs>

<!--=============================== Tier 1: pre-electricity ===================================-->
	<ResearchProjectDef>
		<defName>Rhythm</defName>
		<label>rhythm</label>
		<description>"Xo listened to the sound of his breathing and discovered a strong, regular, repeated pattern; the rhythm of daily life on a RimWorld."</description>
		<baseCost>1200</baseCost>
		<techLevel>Neolithic</techLevel>
		<researchViewX>0</researchViewX>
		<researchViewY>4</researchViewY>
	</ResearchProjectDef>
	
	<ResearchProjectDef>
		<defName>Music</defName>
		<label>music</label>
		<description>"Xo heard the rhythm of the sounds of the colony working and found it agreeable thing."</description>
		<baseCost>200</baseCost>
		<techLevel>Neolithic</techLevel>
		<prerequisites>
			<li>Rhythm</li>
		</prerequisites>
		<researchViewX>1</researchViewX>
		<researchViewY>4</researchViewY>
	</ResearchProjectDef>
	
	<ResearchProjectDef>
		<defName>Dancing</defName>
		<label>dancing</label>
		<description>"Tail listened to the rhythm and couldn't help shakin' that healthy butt."</description>
		<baseCost>700</baseCost>
		<techLevel>Neolithic</techLevel>
		<prerequisites>
			<li>Rhythm</li>
		</prerequisites>
		<researchViewX>1</researchViewX>
		<researchViewY>4</researchViewY>
	</ResearchProjectDef>
	
<!--=============================== Tier 2: post-smithing ===================================-->		
	
		<ResearchProjectDef>
		<defName>FineInstruments</defName>
		<label>fine instruments</label>
		<description>"Wrake assebled the pieces and realized he had created not just an instrument, but a work of art itself."</description>
		<baseCost>1200</baseCost>
		<techLevel>Medieval</techLevel>
		<prerequisites>
			<li>Music</li>
			<li>Smithing</li>
		</prerequisites>
		<researchViewX>2</researchViewX>
		<researchViewY>4</researchViewY>
	</ResearchProjectDef>
	
<!--=============================== Tier 3: post-machining ===================================-->	
	
		<ResearchProjectDef>
		<defName>RecordedMusic</defName>
		<label>recorded music</label>
		<description>"Stench realized that the diaphragm had vibrated the rod exactly as he had spoken."</description>
		<baseCost>1200</baseCost>
		<techLevel>Industrial</techLevel>
		<prerequisites>
			<li>Music</li>
			<li>Machining</li>
		</prerequisites>
		<researchViewX>3</researchViewX>
		<researchViewY>4</researchViewY>
		</ResearchProjectDef>
		
</Defs>