﻿<?xml version="1.0" encoding="utf-8" ?>
<Defs>

  <!-- Meditative -->
  <JoyGiverDef>
    <defName>ListenMusic</defName>
    <giverClass>MusicJoy.JoyGiver_ListenMusic</giverClass>
    <baseChance>1</baseChance>
	<pctPawnsEverDo>0.8</pctPawnsEverDo>
    <thingDefs>
      <li>HandDrum</li>
      <li>HandLute</li>
	  <li>Drum</li>
      <li>Harp</li>
      <li>Lute</li>
      <li>Piano</li>
      <li>Guitar</li>
    </thingDefs>
    <jobDef>ListenMusicJob</jobDef>
    <joyKind>Meditative</joyKind>
    <requiredCapacities>
      <li>Hearing</li>
    </requiredCapacities>
    <canDoWhileInBed>true</canDoWhileInBed>
  </JoyGiverDef>


  <!-- Social -->
  <JoyGiverDef>
    <defName>Serenade</defName>
    <giverClass>MusicJoy.JoyGiver_Serenade</giverClass>
    <baseChance>5</baseChance>
    <thingDefs>
      <li>HandDrum</li>
      <li>HandLute</li>
	  <li>Drum</li>
      <li>Harp</li>
      <li>Lute</li>
      <li>Piano</li>
      <li>Guitar</li>
    </thingDefs>
    <jobDef>SerenadeJob</jobDef>
    <joyKind>Social</joyKind>
    <requiredCapacities>
      <li>Hearing</li>
    </requiredCapacities>
  </JoyGiverDef>

  <JoyGiverDef>
    <defName>ReceiveSerenade</defName>
    <giverClass>MusicJoy.JoyGiver_ReceiveSerenade</giverClass>
    <baseChance>8</baseChance>
    <thingDefs>
      <li>HandDrum</li>
      <li>HandLute</li>
	  <li>Drum</li>
      <li>Harp</li>
      <li>Lute</li>
      <li>Piano</li>
      <li>Guitar</li>
    </thingDefs>
    <jobDef>ReceiveSerenadeJob</jobDef>
    <joyKind>Social</joyKind>
    <requiredCapacities>
      <li>Hearing</li>
    </requiredCapacities>
  </JoyGiverDef>

  <JoyGiverDef>
    <defName>OverhearSerenade</defName>
    <giverClass>MusicJoy.JoyGiver_ReceiveSerenade</giverClass>
    <baseChance>8</baseChance>
    <thingDefs>
      <li>HandDrum</li>
      <li>HandLute</li>
	  <li>Drum</li>
      <li>Harp</li>
      <li>Lute</li>
      <li>Piano</li>
      <li>Guitar</li>
    </thingDefs>
    <jobDef>OverhearSerenadeJob</jobDef>
    <joyKind>Social</joyKind>
    <requiredCapacities>
      <li>Hearing</li>
    </requiredCapacities>
  </JoyGiverDef>
  
  <!-- Social - Dancing -->
  <JoyGiverDef>
    <defName>HeadBobbing</defName>
    <giverClass>MusicJoy.JoyGiver_HeadBob</giverClass>
    <baseChance>1.8</baseChance>
    <thingDefs>
      <li>HandDrum</li>
      <li>HandLute</li>
	  <li>Drum</li>
      <li>Harp</li>
      <li>Lute</li>
      <li>Piano</li>
      <li>Guitar</li>
    </thingDefs>
    <jobDef>HeadBobJob</jobDef>
    <joyKind>Social</joyKind>
    <requiredCapacities>
      <li>Moving</li>
      <li>Hearing</li>
    </requiredCapacities>
  </JoyGiverDef>

  <JoyGiverDef>
    <defName>Dancing</defName>
    <giverClass>MusicJoy.JoyGiver_Dance</giverClass>
    <baseChance>5.34</baseChance>
    <thingDefs>
      <li>HandDrum</li>
      <li>HandLute</li>
	  <li>Drum</li>
      <li>Harp</li>
      <li>Lute</li>
      <li>Piano</li>
      <li>Guitar</li>
    </thingDefs>
    <jobDef>DanceJob</jobDef>
    <desireSit>false</desireSit>
    <joyKind>Social</joyKind>
    <requiredCapacities>
      <li>Moving</li>
      <li>Hearing</li>
    </requiredCapacities>
  </JoyGiverDef>

  <JoyGiverDef>
    <defName>HeadBanging</defName>
    <giverClass>MusicJoy.JoyGiver_HeadBang</giverClass>
    <baseChance>4.64</baseChance>
    <thingDefs>
      <li>HandDrum</li>
      <li>HandLute</li>
	  <li>Drum</li>
      <li>Harp</li>
      <li>Lute</li>
      <li>Piano</li>
      <li>Guitar</li>
    </thingDefs>
    <jobDef>HeadBangJob</jobDef>
    <desireSit>false</desireSit>
    <joyKind>Social</joyKind>
    <requiredCapacities>
      <li>Moving</li>
      <li>Hearing</li>
    </requiredCapacities>
  </JoyGiverDef>

  
  <!-- Building - passive (noJob) -->
  <JoyGiverDef>
    <defName>ListenRecording</defName>
    <giverClass>MusicJoy.JoyGiver_WatchBuilding</giverClass>
    <baseChance>3.2</baseChance>
    <canDoWhileInBed>true</canDoWhileInBed>
    <thingDefs>
      <li>Victrola_Phonograph</li>
    </thingDefs>
    <jobDef>PasListenMusicJob</jobDef>
    <joyKind>Passive</joyKind>
    <requiredCapacities>
      <li>Hearing</li>
    </requiredCapacities>
  </JoyGiverDef>

  
  <!-- Playing instrument -->
  <JoyGiverDef>
    <defName>PlayInstrument</defName>
    <giverClass>MusicJoy.JoyGiver_PlayInstrument</giverClass>
    <baseChance>0.4</baseChance>
    <thingDefs>
      <li>HandDrum</li>
      <li>HandLute</li>
	  <li>Drum</li>
      <li>Harp</li>
      <li>Lute</li>
      <li>Piano</li>
      <li>Guitar</li>
    </thingDefs>
    <jobDef>PlayMusicInstrument</jobDef>
    <joyKind>Meditative</joyKind>
    <requiredCapacities>
      <li>Manipulation</li>
      <li>Hearing</li>
    </requiredCapacities>
  </JoyGiverDef>
  
</Defs>