<?xml version="1.0" encoding="utf-8" ?>

<ThingDefs>

	<ThingDef ParentName="BuildingBase">
		<defName>Drum</defName>
		<label>drum</label>
		<description>A hollow bit off stuff with a diaphragm over one of two openings. Built to take a pounding.</description>
		<thingClass>Building_WorkTable</thingClass>
		<size>(1,1)</size>

		<stuffCategories>
			<li>Metallic</li>
			<li>Woody</li>
			<li>Leathery</li>
		</stuffCategories>
		<costStuffCount>100</costStuffCount>

		<graphicData>
			<texPath>Things/Building/Joy/Drum</texPath>
			<graphicClass>Graphic_Single</graphicClass>
			<shaderType>CutoutComplex</shaderType>
			<drawSize>(1,1)</drawSize>
			<damageData>
				<cornerTL>Damage/Corner</cornerTL>
				<cornerTR>Damage/Corner</cornerTR>
				<cornerBL>Damage/Corner</cornerBL>
				<cornerBR>Damage/Corner</cornerBR>
			</damageData>
		</graphicData>
		<blueprintGraphicData>
			<texPath>Things/Building/Joy/Drum</texPath>
		</blueprintGraphicData>
		<uiIconPath>Things/Building/Joy/Drum</uiIconPath>

		<building>
			<workSpeedPenaltyOutdoors>false</workSpeedPenaltyOutdoors>
			<workSpeedPenaltyTemperature>false</workSpeedPenaltyTemperature>
			<ignoreNeedsPower>true</ignoreNeedsPower>
			<isJoySource>true</isJoySource>
			<spawnedConceptLearnOpportunity>BillsTab</spawnedConceptLearnOpportunity>
			<watchBuildingStandDistanceRange>
				<min>-4</min>
				<max>4</max>
			</watchBuildingStandDistanceRange>
			<watchBuildingStandRectWidth>9</watchBuildingStandRectWidth>
			<unpoweredWorkTableWorkSpeedFactor>1.25</unpoweredWorkTableWorkSpeedFactor>
		</building>
	
		<altitudeLayer>FloorEmplacement</altitudeLayer>
		<passability>PassThroughOnly</passability>
		<pathCost>30</pathCost>
		<statBases>
			<MaxHitPoints>250</MaxHitPoints>
			<WorkToBuild>2800</WorkToBuild>
			<Flammability>1.0</Flammability>
		</statBases>

		<fillPercent>0.5</fillPercent>
	
		<interactionCellOffset>(0,0,-1)</interactionCellOffset>
		<hasInteractionCell>true</hasInteractionCell>
	
		<terrainAffordanceNeeded>Heavy</terrainAffordanceNeeded>

		<designationCategory>Joy</designationCategory>

		<surfaceType>Item</surfaceType>

		<socialPropernessMatters>true</socialPropernessMatters>
		
		<researchPrerequisites>
			<li>Rhythm</li>
		</researchPrerequisites>
		
		<inspectorTabs>
			<li>ITab_Bills</li>
		</inspectorTabs>
		
	</ThingDef>
	
	

	
	
<!--	<ThingDef ParentName="BenchBase">
		<defName>Victrola_Phonograph</defName>
		<ThingClass>Building_ResearchBench</ThingClass>
		<label>Victrola Phonograph</label>
		<description>An ingenious device for amplifying sound recorded on thin discs using a needle in a groove.</description>
		<designationHotKey>Misc5</designationHotKey>
		<staticSunShadowHeight>0.05</staticSunShadowHeight>
	
		<graphicData>
			<texPath>Things/Building/Joy/Victrola_Phonograph</texPath>
			<graphicClass>Graphic_Single</graphicClass>
		</graphicData>
		<blueprintGraphicData>
			<texPath>Things/Building/Joy/Victrola_Phonograph_Faded</texPath>
		</blueprintGraphicData>
		<uiIconPath>Things/Building/Joy/Victrola_Phonograph_MenuIcon</uiIconPath>
		
		<statBases>
     		<MaxHitPoints>100</MaxHitPoints>
     		<Beauty>15</Beauty>
     		<WorkToMake>2000</WorkToMake>
     		<Flammability>1.0</Flammability>
			<Mass>33</Mass>
			<MarketValue>200</MarketValue>
			<EntertainmentStrengthFactor>1</EntertainmentStrengthFactor>
		</statBases>
		<tickerType>Normal</tickerType>

		<costList>
     		<WoodLog>100</WoodLog>
     		<Steel>50</Steel>
			<Component>2</Component>
		</costList>
		
		<inspectorTabs>
			<li>ITab_Bills</li>
		</inspectorTabs>
		
		<building>
			<ignoreNeedsPower>true</ignoreNeedsPower>
			<isJoySource>true</isJoySource>
			<spawnedConceptLearnOpportunity>BillsTab</spawnedConceptLearnOpportunity>
			<watchBuildingStandDistanceRange>
				<min>-4</min>
				<max>4</max>
			</watchBuildingStandDistanceRange>
			<watchBuildingStandRectWidth>9</watchBuildingStandRectWidth>
			<unpoweredWorkTableWorkSpeedFactor>0.95</unpoweredWorkTableWorkSpeedFactor>
		</building>
		
		<leaveResourcesWhenKilled>true</leaveResourcesWhenKilled>
		<killedLeavings>
			<Component>2</Component>
			<ChunkSlagSteel>1</ChunkSlagSteel>
		</killedLeavings>
		
		<placeWorkers>
			<li>PlaceWorker_WatchArea</li>
		</placeWorkers>
		
		<comps>
			<li Class="CompProperties_Flickable"/>
			<li Class="CompProperties_Breakdownable"/>
			<li Class="CompProperties_Power">
				<compClass>CompPowerTrader</compClass>
				<basePowerConsumption>0</basePowerConsumption>
				<transmitsPower>true</transmitsPower>
			</li>
		</comps>
		
		<hasInteractionCell>True</hasInteractionCell>
		<interactionCellOffset>(0,0,1)</interactionCellOffset>
		
		
		<tradeTags>
			<li>Victrola Phonograph</li>
		</tradeTags>

	</ThingDef>-->
	
</ThingDefs>