<?xml version="1.0" encoding="utf-8"?>
<ModMetaData>
	<name>MusicJoy</name>
	<author>white_altar</author>
	<url>https://ludeon.com/forums/index.php?topic=30759.0</url>
	<targetVersion>0.16.1393</targetVersion>
	<description>

-Victrola Phonograph
   A classic, Victorian, crank-powered turntable, stylus and amplifying horn.
   Music --> Recording, Needs to be researched.
-IN PROGRESS
   Animal through Ultra tech level music research tree.
   Various Items for playing miusic for each era.
   Musical Intruments.
   Playlists.
   Jamming!
   
(Version: 0.16.4)
Language: English

	</description>
</ModMetaData>