<?xml version="1.0" encoding="utf-8" ?>

<ThingDefs>
<!--=============================== Drums ===================================-->	
	<ThingDef ParentName="BuildingBase">
		<defName>Drum</defName>
		<label>Drum</label>
		<description>A hollow bit off stuff with a diaphragm over one of two openings. Built to take a pounding.</description>
		<designationHotKey>Misc5</designationHotKey>
		<thingClass>Building_WorkTable</thingClass>
		<size>(1,1)</size>

		<stuffCategories>
			<li>Metallic</li>
			<li>Woody</li>
			<li>Leathery</li>
		</stuffCategories>
		<costStuffCount>100</costStuffCount>

		<graphicData>
			<texPath>Things/Building/Joy/Drum</texPath>
			<graphicClass>Graphic_Single</graphicClass>
			<shaderType>CutoutComplex</shaderType>
			<drawSize>(1,1)</drawSize>
			<damageData>
				<cornerTL>Damage/Corner</cornerTL>
				<cornerTR>Damage/Corner</cornerTR>
				<cornerBL>Damage/Corner</cornerBL>
				<cornerBR>Damage/Corner</cornerBR>
			</damageData>
		</graphicData>
		<blueprintGraphicData>
			<texPath>Things/Building/Joy/Drum</texPath>
		</blueprintGraphicData>
		<uiIconPath>Things/Building/Joy/Drum</uiIconPath>

		<building>
			<workSpeedPenaltyOutdoors>false</workSpeedPenaltyOutdoors>
			<workSpeedPenaltyTemperature>false</workSpeedPenaltyTemperature>
			<ignoreNeedsPower>true</ignoreNeedsPower>
			<isJoySource>true</isJoySource>
			<spawnedConceptLearnOpportunity>BillsTab</spawnedConceptLearnOpportunity>
			<watchBuildingStandDistanceRange>
				<min>-9</min>
				<max>9</max>
			</watchBuildingStandDistanceRange>
			<watchBuildingStandRectWidth>19</watchBuildingStandRectWidth>
			<unpoweredWorkTableWorkSpeedFactor>1.25</unpoweredWorkTableWorkSpeedFactor>
		</building>
	
		<altitudeLayer>FloorEmplacement</altitudeLayer>
		<passability>PassThroughOnly</passability>
		<pathCost>30</pathCost>
		<statBases>
			<MaxHitPoints>150</MaxHitPoints>
	   		<Beauty>15</Beauty>
			<WorkToBuild>1200</WorkToBuild>
			<Flammability>1.0</Flammability>
			<MarketValue>200</MarketValue>
			<EntertainmentStrengthFactor>5</EntertainmentStrengthFactor>
		</statBases>

		<fillPercent>0.5</fillPercent>
		
		<interactionCellOffset>(0,0,1)</interactionCellOffset>
		<hasInteractionCell>true</hasInteractionCell>
	
		<terrainAffordanceNeeded>Heavy</terrainAffordanceNeeded>

		<designationCategory>Joy</designationCategory>

		<surfaceType>Item</surfaceType>

		<socialPropernessMatters>true</socialPropernessMatters>
		
		<researchPrerequisites>
			<li>Rhythm</li>
		</researchPrerequisites>
		
		<inspectorTabs>
			<li>ITab_Bills</li>
		</inspectorTabs>
		
		<minifiedDef>MinifiedFurniture</minifiedDef>
		
		<drawPlaceWorkersWhileSelected>true</drawPlaceWorkersWhileSelected>
		<placeWorkers>
			<li>PlaceWorker_WatchArea</li>
		</placeWorkers>
		
	</ThingDef>

	
<!--=============================== Instruments ===================================-->		
	<ThingDef ParentName="BuildingBase">
		<defName>Harp</defName>
		<label>Harp</label>
		<description>A carved frame for a wealth of strings. When played it sounds of angels singing.</description>
		<designationHotKey>Misc6</designationHotKey>
		<thingClass>Building_WorkTable</thingClass>
		<size>(1,2)</size>

		<stuffCategories>
			<li>Metallic</li>
			<li>Woody</li>
			<li>Stony</li>
		</stuffCategories>
		<costStuffCount>300</costStuffCount>

		<graphicData>
			<texPath>Things/Building/Joy/Harp</texPath>
			<graphicClass>Graphic_Single</graphicClass>
			<shaderType>CutoutComplex</shaderType>
			<drawSize>(1,2)</drawSize>
			<damageData>
				<cornerTL>Damage/Corner</cornerTL>
				<cornerTR>Damage/Corner</cornerTR>
				<cornerBL>Damage/Corner</cornerBL>
				<cornerBR>Damage/Corner</cornerBR>
			</damageData>
		</graphicData>
		<blueprintGraphicData>
			<texPath>Things/Building/Joy/Harp_Faded</texPath>
		</blueprintGraphicData>
		<uiIconPath>Things/Building/Joy/Harp</uiIconPath>

		<building>
			<workSpeedPenaltyOutdoors>false</workSpeedPenaltyOutdoors>
			<workSpeedPenaltyTemperature>false</workSpeedPenaltyTemperature>
			<ignoreNeedsPower>true</ignoreNeedsPower>
			<isJoySource>true</isJoySource>
			<spawnedConceptLearnOpportunity>BillsTab</spawnedConceptLearnOpportunity>
			<watchBuildingStandDistanceRange>
				<min>-4</min>
				<max>4</max>
			</watchBuildingStandDistanceRange>
			<watchBuildingStandRectWidth>9</watchBuildingStandRectWidth>
			<unpoweredWorkTableWorkSpeedFactor>1.25</unpoweredWorkTableWorkSpeedFactor>
		</building>
	
		<altitudeLayer>FloorEmplacement</altitudeLayer>
		<passability>PassThroughOnly</passability>
		<pathCost>30</pathCost>
		<statBases>
			<MaxHitPoints>150</MaxHitPoints>
	   		<Beauty>50</Beauty>
			<WorkToBuild>2500</WorkToBuild>
			<Flammability>1.0</Flammability>
			<MarketValue>3600</MarketValue>
			<EntertainmentStrengthFactor>15</EntertainmentStrengthFactor>
		</statBases>

		<fillPercent>0.5</fillPercent>
		
		<interactionCellOffset>(0,0,1)</interactionCellOffset>
		<hasInteractionCell>true</hasInteractionCell>
	
		<terrainAffordanceNeeded>Heavy</terrainAffordanceNeeded>

		<designationCategory>Joy</designationCategory>

		<surfaceType>Item</surfaceType>

		<socialPropernessMatters>true</socialPropernessMatters>
		
		<researchPrerequisites>
			<li>Music</li>
		</researchPrerequisites>
		
		<inspectorTabs>
			<li>ITab_Bills</li>
		</inspectorTabs>
		
		<minifiedDef>MinifiedFurniture</minifiedDef>
		
		<drawPlaceWorkersWhileSelected>true</drawPlaceWorkersWhileSelected>
		<placeWorkers>
			<li>PlaceWorker_WatchArea</li>
		</placeWorkers>
		
	</ThingDef>

	
	<ThingDef ParentName="BuildingBase">
		<defName>Lute</defName>
		<label>Lute</label>
		<description>A carved frame for a wealth of strings. When played it sounds of angels singing.</description>
		<designationHotKey>Misc7</designationHotKey>
		<thingClass>Building_WorkTable</thingClass>
		<size>(1,1)</size>

		<stuffCategories>
			<li>Metallic</li>
			<li>Woody</li>
		</stuffCategories>
		<costStuffCount>300</costStuffCount>

		<graphicData>
			<texPath>Things/Building/Joy/Lute</texPath>
			<graphicClass>Graphic_Single</graphicClass>
			<shaderType>CutoutComplex</shaderType>
			<drawSize>(1,1)</drawSize>
			<damageData>
				<cornerTL>Damage/Corner</cornerTL>
				<cornerTR>Damage/Corner</cornerTR>
				<cornerBL>Damage/Corner</cornerBL>
				<cornerBR>Damage/Corner</cornerBR>
			</damageData>
		</graphicData>
		<blueprintGraphicData>
			<texPath>Things/Building/Joy/Lute_Faded</texPath>
		</blueprintGraphicData>
		<uiIconPath>Things/Building/Joy/Lute</uiIconPath>

		<building>
			<workSpeedPenaltyOutdoors>false</workSpeedPenaltyOutdoors>
			<workSpeedPenaltyTemperature>false</workSpeedPenaltyTemperature>
			<ignoreNeedsPower>true</ignoreNeedsPower>
			<isJoySource>true</isJoySource>
			<spawnedConceptLearnOpportunity>BillsTab</spawnedConceptLearnOpportunity>
			<watchBuildingStandDistanceRange>
				<min>-4</min>
				<max>4</max>
			</watchBuildingStandDistanceRange>
			<watchBuildingStandRectWidth>9</watchBuildingStandRectWidth>
		</building>
	
		<altitudeLayer>Item</altitudeLayer>
		<passability>PassThroughOnly</passability>
		<pathCost>30</pathCost>
		<statBases>
			<MaxHitPoints>150</MaxHitPoints>
	   		<Beauty>50</Beauty>
			<WorkToBuild>2500</WorkToBuild>
			<Flammability>1.0</Flammability>
			<MarketValue>3600</MarketValue>
			<EntertainmentStrengthFactor>15</EntertainmentStrengthFactor>
		</statBases>

		<fillPercent>0.5</fillPercent>
		
		<interactionCellOffset>(0,0,0)</interactionCellOffset>
		<hasInteractionCell>true</hasInteractionCell>
	
		<terrainAffordanceNeeded>Heavy</terrainAffordanceNeeded>

		<designationCategory>Joy</designationCategory>

		<surfaceType>Item</surfaceType>

		<socialPropernessMatters>true</socialPropernessMatters>
		
		<researchPrerequisites>
			<li>Music</li>
		</researchPrerequisites>
		
		<inspectorTabs>
			<li>ITab_Bills</li>
		</inspectorTabs>
		
		<minifiedDef>MinifiedFurniture</minifiedDef>
		
		<drawPlaceWorkersWhileSelected>true</drawPlaceWorkersWhileSelected>
		<placeWorkers>
			<li>PlaceWorker_WatchArea</li>
		</placeWorkers>
		
	</ThingDef>
	

<!--=============================== Fine Instruments ===================================-->	
	<ThingDef ParentName="BuildingBase">
		<defName>Piano</defName>
		<label>Piano</label>
		<description>A monolith of harmony.</description>
		<designationHotKey>Misc8</designationHotKey>
		<thingClass>Building_WorkTable</thingClass>
		<size>(2,2)</size>

		<stuffCategories>
			<li>Woody</li>
			<li>Stony</li>
		</stuffCategories>
		<costStuffCount>500</costStuffCount>

		<graphicData>
			<texPath>Things/Building/Joy/Piano</texPath>
			<graphicClass>Graphic_Single</graphicClass>
			<shaderType>CutoutComplex</shaderType>
			<drawSize>(2,2)</drawSize>
			<damageData>
				<cornerTL>Damage/Corner</cornerTL>
				<cornerTR>Damage/Corner</cornerTR>
				<cornerBL>Damage/Corner</cornerBL>
				<cornerBR>Damage/Corner</cornerBR>
			</damageData>
		</graphicData>
		<blueprintGraphicData>
			<texPath>Things/Building/Joy/Piano_Faded</texPath>
		</blueprintGraphicData>
		<uiIconPath>Things/Building/Joy/Piano</uiIconPath>

		<building>
			<workSpeedPenaltyOutdoors>false</workSpeedPenaltyOutdoors>
			<workSpeedPenaltyTemperature>true</workSpeedPenaltyTemperature>
			<ignoreNeedsPower>true</ignoreNeedsPower>
			<isJoySource>true</isJoySource>
			<spawnedConceptLearnOpportunity>BillsTab</spawnedConceptLearnOpportunity>
			<watchBuildingStandDistanceRange>
				<min>-4</min>
				<max>4</max>
			</watchBuildingStandDistanceRange>
			<watchBuildingStandRectWidth>9</watchBuildingStandRectWidth>
			<unpoweredWorkTableWorkSpeedFactor>1.25</unpoweredWorkTableWorkSpeedFactor>
		</building>
	
		<altitudeLayer>FloorEmplacement</altitudeLayer>
		<passability>PassThroughOnly</passability>
		<pathCost>30</pathCost>
		<statBases>
			<MaxHitPoints>150</MaxHitPoints>
	   		<Beauty>50</Beauty>
			<WorkToBuild>2500</WorkToBuild>
			<Flammability>1.0</Flammability>
			<MarketValue>3600</MarketValue>
			<EntertainmentStrengthFactor>15</EntertainmentStrengthFactor>
		</statBases>

		<fillPercent>0.5</fillPercent>
		
		<interactionCellOffset>(1,0,-1)</interactionCellOffset>
		<hasInteractionCell>true</hasInteractionCell>
	
		<terrainAffordanceNeeded>Heavy</terrainAffordanceNeeded>

		<designationCategory>Joy</designationCategory>

		<surfaceType>Item</surfaceType>

		<socialPropernessMatters>true</socialPropernessMatters>
		
		<researchPrerequisites>
			<li>FineInstruments</li>
		</researchPrerequisites>
		
		<inspectorTabs>
			<li>ITab_Bills</li>
		</inspectorTabs>
		
		<minifiedDef>MinifiedFurniture</minifiedDef>
		
		<drawPlaceWorkersWhileSelected>true</drawPlaceWorkersWhileSelected>
		<placeWorkers>
			<li>PlaceWorker_WatchArea</li>
		</placeWorkers>	
		
	</ThingDef>

	
<!--=============================== Players ===================================-->		
	
	<ThingDef ParentName="BuildingBase">
		<defName>Victrola_Phonograph</defName>
		<label>Victrola_Phonograph</label>
		<description>An ingenious device for amplifying sound recorded on thin discs using a needle in a groove.</description>
		<designationHotKey>Misc7</designationHotKey>
		<ThingClass>Building_WorkTable</ThingClass>
		<size>(1,1)</size>
		
		<stuffCategories>
			<li>Metallic</li>
			<li>Woody</li>
			<li>Stony</li>
		</stuffCategories>
		<costStuffCount>100</costStuffCount>
		<costList>
     		<Steel>50</Steel>
			<Component>2</Component>
		</costList>

		<graphicData>
			<texPath>Things/Building/Joy/Victrola_Phonograph</texPath>
			<graphicClass>Graphic_Single</graphicClass>
			<shaderType>CutoutComplex</shaderType>
			<drawSize>(1,1)</drawSize>
			<damageData>
				<cornerTL>Damage/Corner</cornerTL>
				<cornerTR>Damage/Corner</cornerTR>
				<cornerBL>Damage/Corner</cornerBL>
				<cornerBR>Damage/Corner</cornerBR>
			</damageData>
		</graphicData>
		<blueprintGraphicData>
			<texPath>Things/Building/Joy/Victrola_Phonograph_Faded</texPath>
		</blueprintGraphicData>
		<uiIconPath>Things/Building/Joy/Victrola_Phonograph_MenuIcon</uiIconPath>

		<building>
			<workSpeedPenaltyOutdoors>true</workSpeedPenaltyOutdoors>
			<workSpeedPenaltyTemperature>true</workSpeedPenaltyTemperature>
			<ignoreNeedsPower>true</ignoreNeedsPower>
			<isJoySource>true</isJoySource>
			<spawnedConceptLearnOpportunity>BillsTab</spawnedConceptLearnOpportunity>
			<watchBuildingStandDistanceRange>
				<min>-4</min>
				<max>4</max>
			</watchBuildingStandDistanceRange>
			<watchBuildingStandRectWidth>9</watchBuildingStandRectWidth>
			<unpoweredWorkTableWorkSpeedFactor>0.95</unpoweredWorkTableWorkSpeedFactor>
		</building>
			
		<altitudeLayer>FloorEmplacement</altitudeLayer>
		<passability>PassThroughOnly</passability>
		<pathCost>30</pathCost>

		<statBases>
     		<MaxHitPoints>100</MaxHitPoints>
     		<Beauty>15</Beauty>
     		<WorkToMake>3200</WorkToMake>
     		<Flammability>1.0</Flammability>
			<MarketValue>1200</MarketValue>
			<EntertainmentStrengthFactor>25</EntertainmentStrengthFactor>
		</statBases>

		<fillPercent>0.5</fillPercent>
				
		<leaveResourcesWhenKilled>true</leaveResourcesWhenKilled>
		<killedLeavings>
			<Component>2</Component>
			<ChunkSlagSteel>1</ChunkSlagSteel>
		</killedLeavings>
		
		<comps>
			<li Class="CompProperties_Flickable"/>
			<li Class="CompProperties_Breakdownable"/>
			<li Class="CompProperties_Power">
				<compClass>CompPowerTrader</compClass>
				<basePowerConsumption>0</basePowerConsumption>
				<transmitsPower>true</transmitsPower>
			</li>
		</comps>
		
		<hasInteractionCell>True</hasInteractionCell>
		<interactionCellOffset>(0,0,-1)</interactionCellOffset>
	
		<terrainAffordanceNeeded>Heavy</terrainAffordanceNeeded>

		<designationCategory>Joy</designationCategory>

		<surfaceType>Item</surfaceType>

		<socialPropernessMatters>true</socialPropernessMatters>
		
		<tradeTags>
			<li>Victrola Phonograph</li>
		</tradeTags>		
		
		<researchPrerequisites>
			<li>RecordedMusic</li>
		</researchPrerequisites>
		
		<inspectorTabs>
			<li>ITab_Bills</li>
		</inspectorTabs>
		
		<minifiedDef>MinifiedFurniture</minifiedDef>
	
		<drawPlaceWorkersWhileSelected>true</drawPlaceWorkersWhileSelected>
		<placeWorkers>
			<li>PlaceWorker_WatchArea</li>
		</placeWorkers>
	
	</ThingDef>
	
</ThingDefs>