<?xml version="1.0" encoding="utf-8" ?>
<RecipeDefs>

	<RecipeDef>
		<defName>PlayDrum</defName>
		<label>Play drum</label>
		<description>You dust off the drum skin</description>
		<jobString>Playing drum.</jobString>
		<recipeUsers>
			<li>Drum</li>
		</recipeUsers>
		<workAmount>2500</workAmount>
		<workSpeedStat>StonecuttingSpeed</workSpeedStat>
		<workSkill>Crafting</workSkill>
		<workSkillLearnFactor>0.25</workSkillLearnFactor>
		<effectWorking>CutStone</effectWorking>
		<soundWorking>DrumSounds</soundWorking>
		<targetCountAdjustment>1</targetCountAdjustment>
		<workerCounterClass>RecipeWorkerCounter_MakeStoneBlocks</workerCounterClass>
	</RecipeDef>


<!--
	<RecipeDef>
		<defName>PlayBeethoven</defName>
		<label>Play Ludwig van Beethoven: Mandolin Sonatina in C-</label>
		<description>You dust off the old disc and set it on the turntable. This record is, Ludwig van Beethoven's: Mandolin Sonatina in C-</description>
		<jobString>Playing chamber music.</jobString>
		<recipeUsers>
			<li>Victrola_Phonograph</li>
		</recipeUsers>
		<workAmount>2500</workAmount>
		<workSpeedStat>StonecuttingSpeed</workSpeedStat>
		<workSkill>Crafting</workSkill>
		<workSkillLearnFactor>0.25</workSkillLearnFactor>
		<effectWorking>CutStone</effectWorking>
		<soundWorking>Beethoven</soundWorking>
		<targetCountAdjustment>1</targetCountAdjustment>
		<workerCounterClass>RecipeWorkerCounter_MakeStoneBlocks</workerCounterClass>
		<ingredients>
			<li>
				<filter>
					<categories>
						<li>StoneChunks</li>
					</categories>
				</filter>
				<count>1</count>
			</li>
		</ingredients>
		<fixedIngredientFilter>
			<categories>
				<li>StoneChunks</li>
			</categories>
		</fixedIngredientFilter>
	</RecipeDef>
	
	
	<RecipeDef>
		<defName>PlayRachmaninov</defName>
		<label>Play Rachmaninov: Piano Concerto No.3 in D-, Op.30</label>
		<description>You dust off the old disc and set it on the turntable. This record is, Sergey Vasilyevich Rachmaninov's Piano Concerto No.3 in D-, Op.30, "Allegro ma non tanto."</description>
		<jobString>Playing symphony music.</jobString>
		<recipeUsers>
			<li>Victrola_Phonograph</li>
		</recipeUsers>
		<workAmount>2500</workAmount>
		<workSpeedStat>StonecuttingSpeed</workSpeedStat>
		<workSkill>Crafting</workSkill>
		<workSkillLearnFactor>0.25</workSkillLearnFactor>
		<effectWorking>CutStone</effectWorking>
		<soundWorking>Recipe_MakeStoneBlocks</soundWorking>
		<targetCountAdjustment>1</targetCountAdjustment>
		<workerCounterClass>RecipeWorkerCounter_MakeStoneBlocks</workerCounterClass>
		<ingredients>
			<li>
				<filter>
					<categories>
						<li>StoneChunks</li>
					</categories>
				</filter>
				<count>1</count>
			</li>
		</ingredients>
		<fixedIngredientFilter>
			<categories>
				<li>StoneChunks</li>
			</categories>
		</fixedIngredientFilter>
	</RecipeDef>
  

	<RecipeDef>
		<defName>PlayRossini</defName>
		<label>Play Rossini: Overture to the Opera "La gazza ladra."</label>
		<description>You dust off the old disc and set it on the turntable. This record is, Gioachino Antonio Rossini's Overture to "La gazza ladra (The Thieving Magpie; melodramma)."</description>
		<jobString>Playing opera music</jobString>
		<recipeUsers>
			<li>Victrola_Phonograph</li>
		</recipeUsers>
		<workAmount>2500</workAmount>
		<workSpeedStat>StonecuttingSpeed</workSpeedStat>
		<workSkill>Crafting</workSkill>
		<workSkillLearnFactor>0.25</workSkillLearnFactor>
		<effectWorking>CutStone</effectWorking>
		<soundWorking>Recipe_MakeStoneBlocks</soundWorking>
		<targetCountAdjustment>1</targetCountAdjustment>
		<workerCounterClass>RecipeWorkerCounter_MakeStoneBlocks</workerCounterClass>
		<ingredients>
			<li>
				<filter>
					<categories>
						<li>StoneChunks</li>
					</categories>
				</filter>
				<count>1</count>
			</li>
		</ingredients>
		<fixedIngredientFilter>
			<categories>
				<li>StoneChunks</li>
			</categories>
		</fixedIngredientFilter>
	</RecipeDef>
-->
	
</RecipeDefs>