<?xml version="1.0" encoding="utf-8"?>
<ModMetaData>
	<name>MusicJoy</name>
	<author>white_altar</author>
	<url>https://ludeon.com/forums/index.php?topic=30759.0</url>
	<targetVersion>0.17.0</targetVersion>
	<description>

- Research Rythym, Music and Recording
- Build and Play Drums, and other instruments to give your colonists joy!

-IN PROGRESS
   Joy for all listeners and joy from playing.
   Playlists.
   Jamming!
   
(Mod Version: 0.359)
Language: English

	</description>
</ModMetaData>