<RecipeDefs>
	<RecipeDef>
		<defName>MakeDrum</defName>
		<label>make drum</label>
		<description>Make a drum.</description>
		<jobString>Making drum.</jobString>
		<workSpeedStat>StonecuttingSpeed</workSpeedStat>
		<effectWorking>Repair</effectWorking>
		<soundWorking>Recipe_Sculpt</soundWorking>
		<workAmount>8000</workAmount>
		<unfinishedThingDef>UnfinishedWeapon</unfinishedThingDef>
		<ingredients>
			<li>
				<filter>
					<thingDefs>
						<li>WoodLog</li>
					</thingDefs>
				</filter>
				<count>100</count>
			</li>
		</ingredients>
		<fixedIngredientFilter>
			<thingDefs>
				<li>WoodLog</li>
			</thingDefs>
		</fixedIngredientFilter>
		<products>
			<HandDrum>1</HandDrum>
		</products>
		<skillRequirements>
			<li>
				<skill>Crafting</skill>
				<minLevel>3</minLevel>
			</li>
		</skillRequirements>
		<workSkill>Crafting</workSkill>
	</RecipeDef>

	<RecipeDef>
		<defName>MakeLute</defName>
		<label>make lute</label>
		<description>Make a lute.</description>
		<jobString>Making lute.</jobString>
		<workSpeedStat>StonecuttingSpeed</workSpeedStat>
		<effectWorking>Repair</effectWorking>
		<soundWorking>Recipe_Sculpt</soundWorking>
		<workAmount>12000</workAmount>
		<unfinishedThingDef>UnfinishedWeapon</unfinishedThingDef>
		<ingredients>
			<li>
				<filter>
					<thingDefs>
						<li>WoodLog</li>
					</thingDefs>
				</filter>
				<count>100</count>
			</li>
		</ingredients>
		<fixedIngredientFilter>
			<thingDefs>
				<li>WoodLog</li>
			</thingDefs>
		</fixedIngredientFilter>
		<products>
			<HandLute>1</HandLute>
		</products>
		<skillRequirements>
			<li>
				<skill>Crafting</skill>
				<minLevel>5</minLevel>
			</li>
		</skillRequirements>
		<workSkill>Crafting</workSkill>
	</RecipeDef>
	
</RecipeDefs>