<?xml version="1.0" encoding="utf-8" ?>
<WorkGivers>

  <WorkGiverDef>
    <DefName>PlayDrum</DefName>
    <giverClass>WorkGiver_DoBill</giverClass>
    <workType>Art</workType>
    <priorityInType>10</priorityInType>
	<fixedBillGiverDefs>
		<li>Drum</li>
	</fixedBillGiverDefs>
    <verb>play</verb>
    <gerund>playing</gerund>
	<requiredCapacities>
		<li>Manipulation</li>
	</requiredCapacities>
	<prioritizeSustains>false</prioritizeSustains>
  </WorkGiverDef>
  

  <WorkGiverDef>
    <DefName>PlayLute</DefName>
    <giverClass>WorkGiver_DoBill</giverClass>
    <workType>Art</workType>
    <priorityInType>10</priorityInType>
	<fixedBillGiverDefs>
		<li>Lute</li>
	</fixedBillGiverDefs>
    <verb>play</verb>
    <gerund>playing</gerund>
	<requiredCapacities>
		<li>Manipulation</li>
	</requiredCapacities>
	<prioritizeSustains>false</prioritizeSustains>
  </WorkGiverDef>
  
  
  <WorkGiverDef>
    <DefName>PlayHarp</DefName>
    <giverClass>WorkGiver_DoBill</giverClass>
    <workType>Art</workType>
    <priorityInType>10</priorityInType>
	<fixedBillGiverDefs>
		<li>Harp</li>
	</fixedBillGiverDefs>
    <verb>play</verb>
    <gerund>playing</gerund>
	<requiredCapacities>
		<li>Manipulation</li>
	</requiredCapacities>
	<prioritizeSustains>false</prioritizeSustains>
  </WorkGiverDef>


  <WorkGiverDef>
    <DefName>PlayPiano</DefName>
    <giverClass>WorkGiver_DoBill</giverClass>
    <workType>Art</workType>
    <priorityInType>10</priorityInType>
	<fixedBillGiverDefs>
		<li>Piano</li>
	</fixedBillGiverDefs>
    <verb>play</verb>
    <gerund>playing</gerund>
	<requiredCapacities>
		<li>Manipulation</li>
	</requiredCapacities>
	<prioritizeSustains>false</prioritizeSustains>
  </WorkGiverDef>


  
  <WorkGiverDef>
    <DefName>PlayVictrolaPhonograph</DefName>
    <giverClass>WorkGiver_DoBill</giverClass>
    <workType>Art</workType>
    <priorityInType>10</priorityInType>
	<fixedBillGiverDefs>
		<li>Victrola_Phonograph</li>
	</fixedBillGiverDefs>
    <verb>play</verb>
    <gerund>playing</gerund>
	<requiredCapacities>
		<li>Manipulation</li>
	</requiredCapacities>
	<prioritizeSustains>false</prioritizeSustains>
  </WorkGiverDef>
  
  
</WorkGivers>